{
  "Paddy": {
    "Andhra Pradesh": 103587.75,
    "Assam": 57648.31,
    "Bihar": 54310.62,
    "Chhattisgarh": 61502.07582,
    "Gujarat": 69406.36,
    "Haryana": 102128.78289,
    "Himachal Pradesh": 67854.04,
    "Jharkhand ": 62415.28,
    "Karnataka": 94059.49552,
    "Kerala ": 100909.97555,
    "Madhya Pradesh": 63707.36027,
    "Maharastra": 93348.8581,
    "Odisha": 71291.08411,
    "Punjab": 101344.4,
    "Tamil Nadu": 88380.14361,
    "Telangana": 113266.74,
    "Uttar Pradesh": 74657.27,
    "West Bengal": 74657.27
  },
  "Maize": {
    "Andhra Pradesh": 102848.16,
    "Bihar": 64075.15,
    "Gujarat": 66225.8,
    "Himachal Pradesh": 54150.95,
    "Jharkhand": 67386.21,
    "Karnataka": 66073.6815,
    "Madhya Pradesh": 50377.45962,
    "Maharastra": 92343.15,
    "Odisha": 60669.35,
    "Punjab": 78072.34,
    "Rajasthan": 63447.25,
    "Tamil Nadu": 82616.66705,
    "Telangana": 96049.49,
    "Uttar Pradesh": 54392.83
  },
  "Jowar": {
    "Andhra Pradesh": 98398.7,
    "Karnataka": 41914.11,
    "Madhya Pradesh": 40035.8,
    "Maharastra": 51536.95394,
    "Rajasthan": 51098.91,
    "Tamil Nadu": 54918.32125
  },
  "Bajra": {
    "Gujarat": 68296.5,
    "Haryana": 43550.82,
    "Maharastra": 72926.49,
    "Rajasthan": 39544.05,
    "Uttar Pradesh": 43686.38
  },
  "Ragi": {
    "Karnataka": 65276.81,
    "Odisha": 41292.94
  },
  "Arhar": {
    "Andhra Pradesh": 42563.92,
    "Gujarat": 52887.46,
    "Karnataka": 43460.65382,
    "Madhya Pradesh": 37319.36577,
    "Maharastra": 99794.71725,
    "Odisha": 23600.7,
    "Telangana": 50175.22,
    "Uttar Pradesh": 70317.18
  },
  "Moong": {
    "Andhra Pradesh": 41853.72,
    "Gujarat": 40380.9,
    "Karnataka": 37111.90234,
    "Maharastra": 53699.55761,
    "Odisha": 25403.16,
    "Punjab": 63055.09,
    "Rajasthan": 32520.12,
    "Tamil Nadu": 29318.36465,
    "Telangana": 36493.31,
    "Uttar Pradesh": 34018.14,
    "West Bengal": 24524.86
  },
  "Urad": {
    "Andhra Pradesh": 53334.29,
    "Gujarat": 36773.51,
    "Himachal Pradesh": 41749.07,
    "Karnataka": 35563.34,
    "Madhya Pradesh": 29830.76281,
    "Maharastra": 48152.84378,
    "Odisha": 24659.51,
    "Rajasthan": 37699.66,
    "Tamil Nadu": 47194.01,
    "Uttar Pradesh": 27658.8,
    "West Bengal": 43639.63
  },
  "Groundnut": {
    "Andhra Pradesh": 83443.94,
    "Gujarat": 91647.16,
    "Karnataka": 71181.09,
    "Kerala": 76380.43,
    "Maharastra": 116117.76,
    "Odisha": 63325.36,
    "Rajasthan": 90887.28,
    "Tamil Nadu": 88514.38,
    "Telangana": 134221.17,
    "Uttar Pradesh": 48027.1,
    "West Bengal": 142380.27
  },
  "Soyabean": {
    "Gujarat": 47328.33,
    "Himachal Pradesh": 46691.26,
    "Karnataka": 54644.82724,
    "Madhya Pradesh": 41368.04522,
    "Maharastra": 69905.48705,
    "Rajasthan": 53934.49,
    "Telangana": 50060.41
  },
  "Sunflower": {
    "Andhra Pradesh": 61548.78,
    "Bihar": 58394.25,
    "Karnataka": 52619.44083
  },
  "Sesamum": {
    "Andhra Pradesh": 32370.9,
    "Gujarat": 48222.18,
    "Himachal Pradesh": 41898.13,
    "Kerala": 37748.92,
    "Madhya Pradesh": 36656.62211,
    "Odisha": 22512.01,
    "Rajasthan": 28950.04,
    "Telangana": 59606.95,
    "Uttar Pradesh": 24881.85,
    "West Bengal": 66579.84
  },
  "Nigerseed": {
    "Odisha": 27311.46
  },
  "Cotton": {
    "Andhra Pradesh": 103711.47,
    "Gujarat": 90293.41,
    "Haryana": 77851.35389,
    "Karnataka": 80319.39,
    "Madhya Pradesh": 86207.82,
    "Maharastra": 94710.40587,
    "Odisha": 83250.5,
    "Punjab": 106421.19,
    "Rajasthan": 99216.73,
    "Tamil Nadu": 124492.93148,
    "Telangana": 105757.45
  },
  "Onion": {
    "Andhra Pradesh": 136576.01,
    "Gujarat": 162732.58,
    "Karnataka": 93970.91,
    "Madhya Pradesh": 143481.01,
    "Maharastra": 209323.61,
    "Rajasthan": 203077.63,
    "Tamil Nadu": 229074.27
  },
  "Potato": {
    "Assam": 142699.23,
    "Bihar": 98524.54,
    "Gujarat": 221557.43,
    "Himachal Pradesh": 135989.54,
    "Jharkhand": 103673.89,
    "Uttar Pradesh": 164604.05,
    "West Bengal": 252165.66
  }
}